Video ID,Playlist Video Creation Timestamp
byitAI7kkOM,2021-06-01T13:59:27+00:00
YZLKoG_vhDY,2021-06-01T14:00:29+00:00
qfdShSZZxlg,2021-06-01T14:00:29+00:00
mxWBW--yoiA,2021-06-01T14:00:48+00:00
ZmcBC9-wAXM,2021-06-01T14:01:22+00:00
HFX6AZ5bDDo,2021-06-01T14:01:22+00:00
gUm_SI8WQ98,2021-06-01T14:02:48+00:00
1d009RfW0aU,2021-06-01T14:02:48+00:00
eK0IIyBlYew,2021-06-01T14:04:08+00:00
Gq2hcE4V7Jo,2021-06-01T14:04:08+00:00
BNfAf4To73c,2021-06-01T14:05:50+00:00
FGTv9-oQhIg,2021-06-01T14:06:25+00:00
HexFqifusOk,2021-06-01T14:10:11+00:00
hoNb6HuNmU0,2021-06-01T14:11:15+00:00
2drIKUOCZxU,2021-06-01T14:14:28+00:00
CtgD91Ev4NU,2021-06-01T14:16:52+00:00
EatzcaVJRMs,2021-06-07T13:32:06+00:00
qoq8B8ThgEM,2021-06-07T13:33:20+00:00
qWnzMwT6SKo,2021-06-07T13:34:26+00:00
P8PWN1OmZOA,2021-06-07T13:35:56+00:00
pgc3J2hBBEU,2021-06-07T13:36:16+00:00
rTuxUAuJRyY,2021-06-11T05:09:10+00:00
MJyKN-8UncM,2021-06-11T06:00:36+00:00
BTRPBiE_1lA,2021-06-11T06:01:51+00:00
xC1cj9zhh6k,2021-06-11T06:09:39+00:00
4HRC6c5-2lQ,2021-06-12T21:05:28+00:00
RAKisl-L3CQ,2021-06-12T21:09:24+00:00
BE8_rNJOQ-0,2021-06-12T21:18:53+00:00
VGPmFSB8qVY,2021-06-12T21:23:53+00:00
pIBoAh4OXhQ,2021-06-12T21:21:25+00:00
6DCOjq0omBc,2021-06-12T21:27:32+00:00
6FURuLYrR_Q,2021-06-13T22:03:24+00:00
m6Y8xEfyXTs,2021-06-13T22:05:51+00:00
HPsxxBhv9kc,2021-06-13T22:07:33+00:00
ot3rnyMoPpQ,2021-06-13T22:29:26+00:00
1BWdglekty0,2021-06-18T17:06:43+00:00
3nA1hmKCRpE,2021-06-18T18:28:47+00:00
gkCKTuR-ECI,2021-06-19T20:09:01+00:00
J7FcfQe1oco,2021-06-20T18:54:26+00:00
lpdRqn6xwiM,2021-07-04T21:51:21+00:00
VNs_cCtdbPc,2021-07-04T21:55:15+00:00
bzW9fmwcmG4,2021-07-04T21:55:34+00:00
jh66Pjtqr4k,2021-07-04T21:56:03+00:00
sK7riqg2mr4,2021-07-04T21:56:47+00:00
6FURuLYrR_Q,2021-07-04T21:57:13+00:00
zdXiSlRrgWQ,2021-09-06T07:26:34+00:00
dBU90z8xZXk,2021-09-06T07:26:51+00:00
5LBB6OV3Ano,2021-09-06T07:29:20+00:00





